feature,mean_abs_shap
num__pm10_max_12h,11.940653365510393
num__pm10_max_6h,9.503892185697719
num__pm10_change_rate,8.255355282600354
num__temperature_2m_lag_168h,7.467165397936103
num__pm10_lag_1h,7.015150732918765
num__month_cos,6.152189842145404
num__ozone_lag_3h,6.053842698656571
num__temperature_avg_3h,5.508243847966187
num__pm2_5_max_12h,4.667058458541288
num__pm10_mean_12h,4.2921257935003805
num__pm_ratio,4.165068515960655
num__pm2_5_min_6h,4.08079055919804
