feature,mean_abs_shap
num__pm10_max_12h,10.928579292031777
num__pm10_max_6h,8.853463854629872
num__pm10_change_rate,8.243220169714249
num__pm10_lag_1h,7.265146568376571
num__pm2_5_min_6h,7.157798159442874
num__temp_pm2_5,6.43114758994647
num__ozone_lag_3h,5.9447341913657965
num__month_cos,5.830694516086602
num__pm10_mean_12h,5.405010409330097
num__pm_ratio,4.948152146424891
num__pm2_5_max_12h,4.8070919734707385
num__pm10_min_6h,4.465253403392542
