feature,mean_abs_shap
num__pm10_max_6h,12.707947785996232
num__pm2_5_min_6h,11.353926083484044
num__pm10_max_12h,9.47071829773616
num__pm10_change_rate,8.917926453054822
num__pm10_lag_1h,7.24681504616261
num__pm10_min_6h,6.584790143449252
num__ozone_lag_3h,5.728877156846869
num__pm10_min_12h,5.460313186646859
num__relative_humidity_2m_lag_1h,5.35177267262114
num__month_cos,5.109618139234741
num__pm10_mean_12h,3.997606303562098
num__temperature_2m_lag_3h,3.894751200288927
