feature,mean_abs_shap
num__pm10_max_6h,13.611205270429688
num__pm10_change_rate,7.573574959881515
num__pm10_max_12h,7.523234306056277
num__pm10_min_12h,5.939164479407163
num__temp_pm2_5,5.808953672767929
num__pm2_5_min_6h,5.639977700551231
num__pm2_5_max_12h,5.632531812085715
num__ozone_lag_3h,5.6280022856477245
num__pm10_min_6h,4.983745064385222
num__month_cos,4.531233792958306
num__pm10_lag_1h,4.3465587078231644
num__pm10_mean_12h,4.224994021063725
