feature,mean_abs_shap
num__pm10_min_6h,12.03510148507876
num__pm10_max_6h,10.8886434596505
num__pm10_max_12h,10.756766202645476
num__pm10_change_rate,9.091575008386089
num__ozone_lag_3h,7.0056892801151545
num__pm10_lag_3h,6.867146389719994
num__pm2_5_max_12h,6.2845675327708
num__pm2_5_lag_24h,5.287328974040722
num__month_cos,5.1038063942965
num__pm10_lag_1h,4.936043865618087
num__pm2_5_min_6h,4.602979521150542
num__relative_humidity_2m_lag_1h,4.588434705332779
