feature,mean_abs_shap
num__pm10_max_6h,12.809339089966121
num__pm10_max_12h,11.364253103271032
num__month_cos,9.739239319760179
num__pm10_change_rate,8.662703579699418
num__pm10_lag_1h,7.230535797316107
num__pm2_5_min_6h,7.111534968559261
num__pm2_5_max_12h,6.940499664390165
num__ozone_lag_3h,6.184843335246435
num__pm10_min_6h,5.332482995227127
num__pm2_5_min_12h,5.092382081975744
num__temp_pm2_5,5.053175870151452
num__pm2_5_lag_24h,4.909527182089925
