feature,mean_abs_shap
num__pm10_max_12h,12.058186157022805
num__pm10_max_6h,9.916460829147017
num__pm10_change_rate,9.904507999030814
num__pm2_5_max_12h,7.610605942815754
num__month_cos,5.990724106086044
num__ozone_lag_3h,5.737499599293233
num__pm2_5_min_6h,5.612070525414637
num__pm10_mean_12h,5.393647128981403
num__pm10_lag_1h,4.991136750592545
num__pm10_min_6h,4.738005205189371
num__nitrogen_dioxide,4.3235675336972506
num__temp_pm2_5,4.148028940983391
