feature,mean_abs_shap
num__pm10_max_12h,13.222473111424428
num__pm2_5_min_6h,11.344705798582767
num__pm10_max_6h,9.829774874394568
num__pm10_change_rate,8.276782601492412
num__pm10_lag_1h,6.179275851681496
num__pm2_5_avg_3h,5.2516965838852
num__month_cos,5.211314207394672
num__relative_humidity_2m_lag_1h,5.21035784127057
num__ozone_lag_3h,5.060098633146244
num__pm10_min_12h,4.826914534494499
num__pm10_min_6h,4.704817775746916
num__pm_ratio,4.634095910554566
