feature,mean_abs_shap
num__pm10_max_6h,10.71060219930035
num__pm10_lag_1h,8.475997622975463
num__pm10_change_rate,7.839000402766297
num__pm10_max_12h,7.7140385234632
num__pm2_5_min_6h,7.64838825596014
num__pm10_mean_6h,6.588348801296726
num__pm10_mean_12h,6.2201634364180185
num__ozone_lag_3h,5.387181611163729
num__month_cos,4.950358936899332
num__nitrogen_dioxide,4.613250867157006
num__pm2_5_lag_24h,4.553473035914062
num__pm10_min_6h,4.30363901812317
