feature,mean_abs_shap
num__pm10_max_6h,13.864316487326871
num__pm10_max_12h,10.058833674788591
num__pm10_change_rate,7.9147801892592256
num__ozone_lag_3h,6.820490344562236
num__temperature_2m_lag_168h,6.609338489926689
num__month_cos,5.994024641376485
num__pm10_min_6h,5.512158249767789
num__pm2_5_min_6h,5.117182310935386
num__pm2_5_lag_24h,4.485156945622999
num__pm10_lag_1h,4.268479058415739
num__pm10_mean_12h,4.202835647045579
num__pm2_5_max_12h,3.987901713668615
