feature,mean_abs_shap
num__humidity_pm2_5,6.914467711757867
num__pm2_5_change_rate,5.614849316749361
num__pm2_5_avg_3h,4.911199919285513
num__pm2_5_max_12h,4.798524690889039
num__temperature_2m_lag_3h,4.506496029719947
num__month_cos,4.253597730201981
num__temperature_2m,3.403600963945542
num__relative_humidity_2m_lag_3h,2.9554228291869276
num__pm2_5_mean_12h,2.8823307890723813
num__nitrogen_dioxide,2.8605079055139693
num__pm2_5_max_6h,2.716845139425219
num__ozone,2.4034589250757294
