feature,mean_abs_shap
num__pm2_5_change_rate,5.978004862401668
num__pm2_5_avg_3h,5.596555122956452
num__humidity_pm2_5,5.542835690067896
num__pm2_5_max_12h,4.760303609390696
num__temperature_2m_lag_3h,4.531670301989223
num__pm2_5_max_6h,4.344145773501902
num__month_cos,4.293757792840628
num__nitrogen_dioxide,3.4843553180113367
num__temperature_2m,3.220127253266883
num__ozone,2.8822708520219775
num__relative_humidity_2m_lag_3h,2.8258472261986918
num__pm2_5_lag_1h,2.5188945449473295
