feature,mean_importance
num__hour_cos,0.19873952345827586
num__pm2_5_max_12h,0.13198172621580426
num__month_cos,0.06722891711837639
num__pm2_5_max_6h,0.06144043259397791
num__pm2_5_min_6h,0.03491343018128092
num__temp_pm2_5,0.03357249126054669
num__ozone_change_rate,0.020122170507149196
num__pm10_min_12h,0.019652800919153557
num__sulphur_dioxide,0.01808031712080338
num__pm10_min_6h,0.017761528184933574
num__pm2_5_std_12h,0.01632837249689989
num__humidity_pm2_5,0.01511990097152851
