feature,mean_importance
num__hour_cos,0.2028757808535202
num__pm2_5_max_12h,0.12044592285134403
num__pm2_5_max_6h,0.07605187867041277
num__month_cos,0.05885812092938993
num__temp_pm2_5,0.03903825554040537
num__pm2_5_min_6h,0.027085810295374955
num__pm10_min_12h,0.02599047346630612
num__ozone_change_rate,0.02279833369020725
num__pm10_min_6h,0.01995133948291783
num__sulphur_dioxide,0.019761162857817437
num__nitrogen_dioxide,0.018699147545352356
num__pm_ratio,0.013839769616749088
