feature,mean_importance
num__hour_cos,0.2362920502389775
num__pm2_5_max_12h,0.15353989441475308
num__month_cos,0.0722058020101521
num__pm2_5_max_6h,0.045676992411565795
num__temp_pm2_5,0.04164715897892064
num__pm2_5_min_6h,0.034574317994678895
num__pm10_min_12h,0.022570269772431505
num__sulphur_dioxide,0.02060911822498477
num__ozone_change_rate,0.01999053168015379
num__pm2_5_min_12h,0.01692715278024557
num__nitrogen_dioxide,0.01476433060471638
num__pm2_5_std_12h,0.013648232991839815
