feature,mean_importance
num__hour_cos,0.20361380999897288
num__pm2_5_max_12h,0.15143988045297496
num__month_cos,0.06810554598181422
num__pm2_5_max_6h,0.049531446149729
num__temp_pm2_5,0.0487159344374706
num__pm2_5_min_6h,0.040823178345954815
num__ozone_change_rate,0.021697276560629142
num__sulphur_dioxide,0.020515429102157468
num__pm2_5_min_12h,0.016948521443519528
num__pm10_min_12h,0.01694670746518163
num__pm_ratio,0.01592575233697744
num__pm2_5_std_12h,0.014779959102443185
