feature,mean_importance
num__hour_cos,0.2050135747181181
num__pm2_5_max_12h,0.15493548722741995
num__month_cos,0.07344566679080358
num__temp_pm2_5,0.0482975191781327
num__pm2_5_min_6h,0.034111918090444136
num__pm2_5_max_6h,0.029616161261187424
num__ozone_change_rate,0.02461828859708306
num__pm10_min_12h,0.02075406433837612
num__sulphur_dioxide,0.020607783130398925
num__humidity_pm2_5,0.018591329696842095
num__pm10_max_6h,0.017666758619247047
num__nitrogen_dioxide,0.016773308354586836
