feature,mean_abs_shap
num__humidity_pm2_5,6.382206250325969
num__pm2_5_change_rate,5.724569926285972
num__pm2_5_avg_3h,5.417284618678097
num__month_cos,4.526640147218635
num__temperature_2m_lag_3h,4.4074942070113
num__pm2_5_max_12h,4.21323786071003
num__relative_humidity_2m_lag_3h,3.1914838002677146
num__nitrogen_dioxide,3.1799591131099376
num__temperature_2m,3.1793621948383404
num__ozone,2.8570683716869847
num__pm2_5_max_6h,2.781643828745557
num__pm2_5_mean_12h,2.597509055279662
