feature,mean_importance
num__hour_cos,0.2055051946552311
num__pm2_5_max_12h,0.12449153766615213
num__month_cos,0.060107126512366674
num__pm2_5_max_6h,0.05959041713865661
num__temp_pm2_5,0.03811444083842339
num__pm2_5_min_6h,0.031090172655681238
num__pm10_min_12h,0.02328604634404823
num__ozone_change_rate,0.02003440601553692
num__pm2_5_min_12h,0.01818205702895457
num__nitrogen_dioxide,0.017859905775416983
num__pm10_min_6h,0.017757298128223974
num__sulphur_dioxide,0.0171793577199431
