feature,mean_abs_shap
num__pm2_5_change_rate,6.061073094048421
num__humidity_pm2_5,5.808618651256888
num__pm2_5_max_12h,5.17929878403909
num__pm2_5_avg_3h,4.901267436743341
num__pm2_5_max_6h,4.636771679411618
num__month_cos,4.569929476909677
num__temperature_2m_lag_3h,4.483358364613953
num__nitrogen_dioxide,3.3231277575267204
num__temperature_2m,3.213732084764453
num__relative_humidity_2m_lag_3h,3.0434020842066745
num__ozone,2.8049371177142595
num__pm2_5_mean_12h,2.7589358464473204
