feature,mean_abs_shap
num__pm2_5_change_rate,6.039506273293068
num__humidity_pm2_5,5.07276461301543
num__pm2_5_avg_3h,4.665423414229222
num__temperature_2m_lag_3h,4.510802589010339
num__month_cos,4.202568802461407
num__pm2_5_lag_1h,3.704436428240221
num__pm2_5_max_6h,3.6654811632881747
num__temperature_2m,3.4998621695632317
num__pm2_5_max_12h,3.3673526734785115
num__pm2_5_mean_12h,2.779167524855235
num__relative_humidity_2m_lag_3h,2.719805757100116
num__nitrogen_dioxide,2.626370469443145
