feature,mean_abs_shap
num__pm2_5_change_rate,5.994258478647106
num__humidity_pm2_5,5.67739249619919
num__temperature_2m_lag_3h,4.729011798238607
num__pm2_5_max_12h,4.419412328353554
num__pm2_5_avg_3h,4.380382329955716
num__month_cos,4.297990825038119
num__pm2_5_max_6h,4.146994114334473
num__temperature_2m,3.2156660675666213
num__nitrogen_dioxide,3.109118315444782
num__relative_humidity_2m_lag_3h,2.6995823547273985
num__pm2_5_mean_12h,2.470428233313914
num__ozone,2.4004644805684476
