feature,mean_abs_shap
num__humidity_pm2_5,7.033396467374478
num__pm2_5_change_rate,6.000320937359378
num__month_cos,4.782034861258832
num__pm2_5_avg_3h,4.670719170095637
num__temperature_2m_lag_3h,4.315861572216114
num__pm2_5_max_12h,4.258539890134119
num__temperature_2m,3.6398108894327157
num__pm2_5_max_6h,3.400452425001219
num__nitrogen_dioxide,3.1372573251058964
num__relative_humidity_2m_lag_3h,3.052631005843107
num__pm2_5_mean_12h,2.897619564355801
num__pm2_5_lag_1h,2.702042744456814
