feature,mean_importance
num__hour_cos,0.20703338935322751
num__pm2_5_max_12h,0.16959408169255644
num__month_cos,0.06663128971342318
num__temp_pm2_5,0.03652164015714554
num__pm10_min_12h,0.03359567108995394
num__pm2_5_max_6h,0.023574121001382543
num__ozone_change_rate,0.022710675371048362
num__pm2_5_min_6h,0.019310072339806215
num__sulphur_dioxide,0.017515803007084885
num__humidity_pm2_5,0.017439838281019915
num__nitrogen_dioxide,0.0162784223510692
num__pm2_5_min_12h,0.015118709499561156
