feature,mean_abs_shap
num__pm2_5_avg_3h,5.9530408530917445
num__humidity_pm2_5,5.82388292489215
num__pm2_5_change_rate,5.747668845029541
num__pm2_5_max_12h,4.550621109769239
num__month_cos,4.27803779457944
num__temperature_2m_lag_3h,4.247445894683666
num__temperature_2m,3.372869349482834
num__relative_humidity_2m_lag_3h,3.001288957370127
num__nitrogen_dioxide,2.848832735981616
num__pm2_5_max_6h,2.685622196522913
num__ozone,2.3630626697340027
num__pm2_5_lag_1h,2.2685829648427593
