feature,mean_importance
num__hour_cos,0.22117355865671096
num__pm2_5_max_12h,0.10820023226930671
num__pm2_5_max_6h,0.08177170387731925
num__month_cos,0.057969001784850115
num__temp_pm2_5,0.03741413715363926
num__pm2_5_min_6h,0.03327572746524441
num__pm10_min_12h,0.027138667433649878
num__sulphur_dioxide,0.02200741076537933
num__ozone_change_rate,0.02090227660602797
num__nitrogen_dioxide,0.01712438122893196
num__pm10_min_6h,0.01617412732953636
num__pm2_5_min_12h,0.016142777983728318
