feature,mean_importance
num__hour_cos,0.22954400448295073
num__pm2_5_max_12h,0.16153037909990467
num__month_cos,0.07172101697592873
num__temp_pm2_5,0.05094053518286359
num__pm2_5_max_6h,0.03320111978190314
num__pm2_5_min_6h,0.030208044781972122
num__ozone_change_rate,0.02188007841899371
num__pm10_min_12h,0.02005658095428071
num__sulphur_dioxide,0.01860784945167031
num__pm2_5_min_12h,0.018479024849039072
num__pm2_5_lag_168h,0.01755468723717033
num__nitrogen_dioxide,0.01705660695795541
