feature,mean_abs_shap
num__pm2_5_change_rate,6.173683233462243
num__humidity_pm2_5,5.81143199796718
num__pm2_5_lag_1h,4.940728896839089
num__month_cos,4.173468569239377
num__pm2_5_avg_3h,3.9039705004527305
num__temperature_2m_lag_3h,3.802169194164025
num__pm2_5_max_12h,3.4549484574953597
num__pm2_5_max_6h,3.1882296803853385
num__temperature_2m,3.155736369105396
num__relative_humidity_2m_lag_3h,2.869912661970285
num__nitrogen_dioxide,2.714184310071356
num__ozone,2.5585410266556243
