feature,mean_abs_shap
num__humidity_pm2_5,6.036216578895639
num__pm2_5_change_rate,5.86387394124243
num__pm2_5_avg_3h,4.653335594487407
num__pm2_5_max_12h,4.35727535027281
num__temperature_2m_lag_3h,4.262453563646993
num__month_cos,4.105295616086449
num__pm2_5_max_6h,3.30239457774873
num__relative_humidity_2m_lag_3h,3.019907987304881
num__temperature_2m,2.902686286504294
num__pm2_5_lag_1h,2.8224886173232115
num__nitrogen_dioxide,2.6678416343232945
num__ozone,2.3385867677073184
