feature,mean_importance
num__hour_cos,0.23719080406216256
num__pm2_5_max_12h,0.1745832644782807
num__month_cos,0.07279967957538103
num__pm2_5_max_6h,0.04670626748455873
num__temp_pm2_5,0.03895599747968821
num__pm2_5_min_6h,0.0314044215074635
num__sulphur_dioxide,0.024167068880883668
num__ozone_change_rate,0.02179053549457379
num__pm10_min_12h,0.019977205763307793
num__pm10_min_6h,0.018835537220077626
num__temperature_2m_lag_168h,0.016779161328478166
num__nitrogen_dioxide,0.0150841706244067
